mes,C,B,D,A,F,G,E,CH
1,0.7057,0.8819,0.8404,0.7984,0.7331,0.7749,0.6479,0.6913
2,0.8295,0.9726,0.9772,0.8725,0.8621,0.7486,1.044,0.8569
3,0.9465,0.9806,0.9155,1.0514,0.9464,1.0553,1.1249,0.91
4,0.9744,1.0199,0.9644,0.9429,1.0275,0.9134,0.963,0.8095
5,1.0396,1.0092,1.0034,1.0282,0.9728,1.1306,1.1572,1.0952
6,1.1479,0.9835,1.1614,1.0112,1.0374,1.0566,0.9735,0.9676
7,1.0496,0.8698,1.0192,1.0716,1.1124,1.0962,0.7722,1.0685
8,1.1335,1.0267,0.9226,1.073,0.9766,1.0673,1.0941,1.0143
9,1.0247,1.0367,1.0248,1.0146,1.0744,1.0455,1.0177,1.0401
10,1.0529,1.0538,1.0639,0.9842,1.0615,0.9821,0.9367,1.2212
11,1.0309,1.1545,1.0331,1.0927,1.0846,1.0708,1.1637,1.1575
12,1.0558,1.0147,1.078,1.0502,1.1067,1.0399,1.1128,1.1546
