pliegue,municipio,M0,M1,M2,M3,M4,M5
A,C,1.4805,1.3702,1.1627,1.1866,1.4387,1.1674
A,B,1.4081,1.3144,1.1409,1.144,1.3598,1.1414
A,D,1.3655,1.3449,1.234,1.2534,1.3739,1.2326
A,A,1.145,1.1496,1.1211,1.0756,1.1649,1.1312
A,F,1.2317,1.1935,1.2167,1.2259,1.1928,1.2175
A,G,1.3046,1.2753,1.2612,1.2669,1.2968,1.2628
A,E,1.6618,1.5712,1.4018,1.4273,1.6074,1.4012
A,CH,1.5201,1.4133,1.2842,1.2646,1.4572,1.2872
A,(promedio de los 8),1.3897,1.3291,1.2278,1.2305,1.3614,1.2302
B,C,1.8564,1.6904,1.3586,1.342,1.7809,1.3668
B,B,1.2852,1.1977,1.0867,1.0799,1.2362,1.0889
B,D,1.2845,1.2357,1.1067,1.1057,1.2694,1.1078
B,A,1.3625,1.396,1.3225,1.2663,1.4225,1.3365
B,F,1.0804,1.0707,1.1,1.103,1.069,1.1017
B,G,1.2277,1.2016,1.1945,1.2238,1.2165,1.1928
B,E,1.5289,1.4459,1.405,1.4135,1.4737,1.406
B,CH,1.5855,1.5146,1.3338,1.3412,1.565,1.3354
B,(promedio de los 8),1.4014,1.3441,1.2385,1.2344,1.3791,1.242
