pliegue,comparación,municipio,Δ desvianza (a − b),IC95 inf,IC95 sup,reducción relativa (%),el IC excluye 0
A,M0 → M1,C,0.1103,0.0441,0.1715,7.45,True
A,M0 → M1,B,0.0937,0.0406,0.1476,6.65,True
A,M0 → M1,D,0.0206,-0.0445,0.0769,1.51,False
A,M0 → M1,A,-0.0046,-0.0707,0.0576,-0.4,False
A,M0 → M1,F,0.0382,-0.0229,0.1014,3.1,False
A,M0 → M1,G,0.0294,-0.0196,0.0792,2.25,False
A,M0 → M1,E,0.0906,0.049,0.1321,5.45,True
A,M0 → M1,CH,0.1068,0.0664,0.1504,7.02,True
A,M0 → M1,promedio de los 8,0.0606,0.0427,0.0782,4.36,True
A,M1 → M2,C,0.2075,0.1092,0.299,15.14,True
A,M1 → M2,B,0.1735,0.0993,0.2398,13.2,True
A,M1 → M2,D,0.1109,0.0405,0.1832,8.25,True
A,M1 → M2,A,0.0284,0.0106,0.0454,2.47,True
A,M1 → M2,F,-0.0232,-0.0494,0.0024,-1.94,False
A,M1 → M2,G,0.014,-0.0659,0.0911,1.1,False
A,M1 → M2,E,0.1695,0.1063,0.2348,10.79,True
A,M1 → M2,CH,0.1291,0.0424,0.2136,9.14,True
A,M1 → M2,promedio de los 8,0.1012,0.0769,0.126,7.62,True
A,M2 → M3,C,-0.0239,-0.077,0.0274,-2.05,False
A,M2 → M3,B,-0.0031,-0.0163,0.0091,-0.27,False
A,M2 → M3,D,-0.0194,-0.0457,0.0083,-1.57,False
A,M2 → M3,A,0.0455,0.017,0.0742,4.06,True
A,M2 → M3,F,-0.0092,-0.0356,0.0183,-0.75,False
A,M2 → M3,G,-0.0057,-0.0273,0.016,-0.45,False
A,M2 → M3,E,-0.0255,-0.0627,0.0115,-1.82,False
A,M2 → M3,CH,0.0196,-0.0036,0.0428,1.53,False
A,M2 → M3,promedio de los 8,-0.0027,-0.0132,0.0072,-0.22,False
A,M5 → M3,C,-0.0192,-0.0814,0.0411,-1.64,False
A,M5 → M3,B,-0.0027,-0.0181,0.0118,-0.23,False
A,M5 → M3,D,-0.0208,-0.0514,0.0115,-1.69,False
A,M5 → M3,A,0.0556,0.0227,0.0886,4.91,True
A,M5 → M3,F,-0.0084,-0.0383,0.0229,-0.69,False
A,M5 → M3,G,-0.0041,-0.0283,0.02,-0.32,False
A,M5 → M3,E,-0.0261,-0.0671,0.0147,-1.86,False
A,M5 → M3,CH,0.0227,-0.0028,0.0482,1.76,False
A,M5 → M3,promedio de los 8,-0.0004,-0.0125,0.0111,-0.03,False
A,M4 → M2,C,0.276,0.1609,0.3827,19.19,True
A,M4 → M2,B,0.2189,0.1328,0.2961,16.1,True
A,M4 → M2,D,0.1399,0.0591,0.2236,10.18,True
A,M4 → M2,A,0.0437,0.0225,0.0641,3.76,True
A,M4 → M2,F,-0.0239,-0.0541,0.0061,-2.0,False
A,M4 → M2,G,0.0356,-0.0529,0.1225,2.74,False
A,M4 → M2,E,0.2057,0.1355,0.2794,12.79,True
A,M4 → M2,CH,0.173,0.0756,0.2674,11.87,True
A,M4 → M2,promedio de los 8,0.1336,0.1059,0.1621,9.81,True
B,M0 → M1,C,0.1659,0.1128,0.2185,8.94,True
B,M0 → M1,B,0.0876,0.0273,0.1463,6.81,True
B,M0 → M1,D,0.0488,-0.0136,0.1109,3.8,False
B,M0 → M1,A,-0.0334,-0.1031,0.0339,-2.45,False
B,M0 → M1,F,0.0097,-0.054,0.0732,0.9,False
B,M0 → M1,G,0.0261,-0.0193,0.0714,2.13,False
B,M0 → M1,E,0.083,0.0289,0.1362,5.43,True
B,M0 → M1,CH,0.0709,0.0158,0.1252,4.47,True
B,M0 → M1,promedio de los 8,0.0573,0.0375,0.0772,4.09,True
B,M1 → M2,C,0.3318,0.2022,0.4621,19.63,True
B,M1 → M2,B,0.1109,0.0232,0.2047,9.26,True
B,M1 → M2,D,0.129,0.0564,0.196,10.44,True
B,M1 → M2,A,0.0735,0.0476,0.1,5.26,True
B,M1 → M2,F,-0.0293,-0.0443,-0.0138,-2.74,True
B,M1 → M2,G,0.0071,-0.0681,0.0901,0.59,False
B,M1 → M2,E,0.0409,-0.0777,0.1595,2.83,False
B,M1 → M2,CH,0.1808,0.0691,0.2796,11.94,True
B,M1 → M2,promedio de los 8,0.1056,0.0779,0.1338,7.86,True
B,M2 → M3,C,0.0166,-0.0143,0.0465,1.22,False
B,M2 → M3,B,0.0068,-0.0083,0.0207,0.62,False
B,M2 → M3,D,0.001,-0.0146,0.0172,0.09,False
B,M2 → M3,A,0.0561,0.02,0.0924,4.24,True
B,M2 → M3,F,-0.003,-0.0255,0.0202,-0.28,False
B,M2 → M3,G,-0.0293,-0.0472,-0.0099,-2.45,True
B,M2 → M3,E,-0.0085,-0.0381,0.0204,-0.6,False
B,M2 → M3,CH,-0.0075,-0.0393,0.0279,-0.56,False
B,M2 → M3,promedio de los 8,0.004,-0.0056,0.0134,0.32,False
B,M5 → M3,C,0.0248,-0.0112,0.0597,1.81,False
B,M5 → M3,B,0.009,-0.0088,0.0253,0.82,False
B,M5 → M3,D,0.002,-0.0163,0.0212,0.18,False
B,M5 → M3,A,0.0701,0.0281,0.1122,5.25,True
B,M5 → M3,F,-0.0014,-0.027,0.025,-0.13,False
B,M5 → M3,G,-0.031,-0.0509,-0.0095,-2.6,True
B,M5 → M3,E,-0.0075,-0.0404,0.0246,-0.53,False
B,M5 → M3,CH,-0.0058,-0.0409,0.0331,-0.44,False
B,M5 → M3,promedio de los 8,0.0075,-0.0032,0.0181,0.61,False
B,M4 → M2,C,0.4223,0.2712,0.5758,23.71,True
B,M4 → M2,B,0.1495,0.0477,0.26,12.09,True
B,M4 → M2,D,0.1627,0.0782,0.2404,12.81,True
B,M4 → M2,A,0.1001,0.0678,0.1333,7.03,True
B,M4 → M2,F,-0.031,-0.0474,-0.0131,-2.9,True
B,M4 → M2,G,0.022,-0.0628,0.1151,1.81,False
B,M4 → M2,E,0.0686,-0.0639,0.2013,4.66,False
B,M4 → M2,CH,0.2312,0.106,0.3419,14.77,True
B,M4 → M2,promedio de los 8,0.1407,0.1096,0.1732,10.2,True
