pliegue,bloque,predictor (estimado sólo con el ajuste),parámetros libres (aprox.),desvianza media,mejora vs constante (%),IC95 de la mejora (%)
A,B0,constante global,1,1.3897,0.0,[0.00; 0.00]
A,B1,sólo calendario (día de la semana + feriado),8,1.3291,4.36,[3.07; 5.62]
A,B2,sólo tasa del municipio,8,1.2885,7.28,[5.54; 9.07]
A,B3,"tasa del municipio × calendario  (= M2, línea de referencia)",16,1.2278,11.65,[9.29; 13.84]
A,B4,tasa × calendario × efecto de la lluvia,18,1.2323,11.33,[8.94; 13.49]
A,B5,celdas municipio × calendario  (= M3),64,1.2305,11.45,[9.06; 13.77]
A,B6,celdas saturadas municipio × calendario × mes,hasta 768,1.4958,-7.64,[-17.29; 0.02]
B,B0,constante global,1,1.4014,0.0,[0.00; 0.00]
B,B1,sólo calendario (día de la semana + feriado),8,1.3441,4.09,[2.67; 5.51]
B,B2,sólo tasa del municipio,8,1.2958,7.54,[5.56; 9.55]
B,B3,"tasa del municipio × calendario  (= M2, línea de referencia)",16,1.2385,11.63,[9.45; 13.71]
B,B4,tasa × calendario × efecto de la lluvia,18,1.2386,11.61,[9.41; 13.73]
B,B5,celdas municipio × calendario  (= M3),64,1.2344,11.91,[9.48; 14.23]
B,B6,celdas saturadas municipio × calendario × mes,hasta 768,1.4477,-3.31,[-18.08; 6.86]
