tipo,archivo,bytes
tabla,00_procedencia.csv,676.0
tabla,00b_entorno.csv,184.0
tabla,01_verificacion_integridad.csv,407.0
tabla,02_particiones.csv,247.0
tabla,03_resumen_por_municipio.csv,937.0
tabla,03b_objetivo_panel_desarrollo.csv,287.0
tabla,04_concentracion_geografica_eventos.csv,426.0
tabla,05_atipicos_por_municipio.csv,429.0
tabla,05b_faltantes_codificados.csv,338.0
tabla,05c_pandemia_paso1_nivel.csv,171.0
tabla,05d_pandemia_paso2_indice_estacional.csv,296.0
tabla,05e2_pandemia_costo_del_corte.csv,162.0
tabla,05e_pandemia_paso3_corte.csv,118.0
tabla,05f_cobertura_temporal_anual.csv,194.0
tabla,05g_serie_departamental_desarrollo.csv,780.0
tabla,05h_siniestros_por_municipio_mapa.csv,87.0
tabla,06_media_anual_por_municipio.csv,395.0
tabla,07_pendiente_por_municipio.csv,336.0
tabla,08_perfil_calendario_normalizado.csv,542.0
tabla,09_resumen_perfil_semanal.csv,511.0
tabla,10_indice_estacional_mensual.csv,727.0
tabla,11_resumen_estacionalidad_anual.csv,383.0
tabla,11b_varianza_explicada_por_calendario.csv,244.0
tabla,12_acf_y_ljung_box_por_municipio.csv,714.0
tabla,12b_acf_rezagos_solo_entrenamiento.csv,772.0
tabla,13_estacionariedad_y_transformacion.csv,486.0
tabla,14_comovimiento_resumen.csv,268.0
tabla,15_correlacion_residuos.csv,419.0
tabla,16_pruebas_de_homogeneidad.csv,410.0
tabla,17_perfil_calendario_vs_agregado.csv,383.0
tabla,18_desvianza_por_modelo_y_municipio.csv,907.0
tabla,19_metricas_completas_validacion.csv,5743.0
tabla,20_comparaciones_pareadas_bootstrap.csv,4550.0
tabla,20b_comparaciones_preguntas.csv,489.0
tabla,21_regla_de_decision.csv,252.0
tabla,22_razon_total_M2_por_municipio.csv,187.0
tabla,23_aporte_bloques_fuera_de_muestra.csv,1213.0
tabla,23b_comparaciones_entre_bloques.csv,439.0
tabla,24_deriva_entre_ajuste_y_validacion.csv,142.0
tabla,25_descomposicion_varianza.csv,295.0
tabla,25b_robustez_tendencia.csv,533.0
tabla,25c_robustez_perfil_semanal.csv,490.0
tabla,25d_robustez_homogeneidad.csv,494.0
tabla,25e_robustez_transformacion.csv,458.0
tabla,25f_robustez_memoria.csv,437.0
tabla,26_artefactos.csv,
figura,fig1_tendencia_por_municipio.png,227954.0
figura,fig2_perfil_semanal.png,116611.0
figura,fig3_estacionalidad_anual.png,136587.0
figura,fig4_acf_residuo_por_municipio.png,54420.0
figura,fig5_correlacion_entre_municipios.png,81723.0
figura,fig6_calendario_propio_vs_agregado.png,41716.0
figura,fig7_aporte_bloques.png,30021.0
figura,fig8_cobertura_temporal.png,38876.0
figura,fig9_mapa_municipios.png,92904.0
